id1,id2
304586,conf/sigmod/VossenW99
304587,conf/sigmod/CruzJ99
304590,conf/sigmod/BaruGLMPVC99
304582,conf/sigmod/BrodskySCE99
304583,conf/sigmod/BonnetBCCCHKMMOSS99
304584,conf/sigmod/RoussopoulosKS99
306115,journals/sigmod/ReichB98
306119,journals/sigmod/BollKB98
306124,journals/sigmod/BuchnerM98
306102,journals/sigmod/BichlerSZ98
306103,journals/sigmod/Danish98
306105,journals/sigmod/MeltzerC98
306109,journals/sigmod/DogacDATKCD98
304571,conf/sigmod/AltinelABFSZ99
304570,conf/sigmod/LiuHBPT99
304573,conf/sigmod/BraumandlKK99
304572,conf/sigmod/WolfsonSXZC99
304250,conf/sigmod/DoRD99
304248,conf/sigmod/BergstraesserBPS99
304569,conf/sigmod/TrisoliniLN99
304568,conf/sigmod/JarkeQBLMS99
304578,conf/sigmod/LiVCAHMWBCHIKSS99
304581,conf/sigmod/AcharyaGPR99
304580,conf/sigmod/ZhouLP99
304575,conf/sigmod/NgLHM99
304577,conf/sigmod/BargaL99
304576,conf/sigmod/AdelbergD99
304235,conf/sigmod/KrishnamurthyBN99
304236,conf/sigmod/Brown99
304233,conf/sigmod/Suciu99
304231,conf/sigmod/Chakrabarti99
304232,conf/sigmod/HinneburgK99
304229,conf/sigmod/Dullmann99
304230,conf/sigmod/Mohan99
304243,conf/sigmod/Hammond99
304241,conf/sigmod/Kohler99
304242,conf/sigmod/Greer99
304240,conf/sigmod/KanthRSB99
304220,conf/sigmod/DeutschFS99
304219,conf/sigmod/Keim99
304218,conf/sigmod/AggarwalWY99
304217,conf/sigmod/NatsevRS99
304216,conf/sigmod/LabioYG99
304215,conf/sigmod/KotidisR99
304214,conf/sigmod/BeyerR99
304213,conf/sigmod/MayrS99
304228,conf/sigmod/Ozsu99
304226,conf/sigmod/Seshadri99
304225,conf/sigmod/DavulcuFKR99
304223,conf/sigmod/EmbleyJN99
304222,conf/sigmod/PapakonstantinouV99
304221,conf/sigmod/YerneniLGU99
335378,conf/sigmod/Lomet00
335379,conf/sigmod/LabioWGG00
335381,conf/sigmod/LakhamrajuRSS00
335383,conf/sigmod/AggarwalY00
335384,conf/sigmod/PalmerF00
335388,conf/sigmod/BreunigKNS00
335390,conf/sigmod/ZaharioudakisCLPU00
335391,conf/sigmod/ChoG00
335395,conf/sigmod/ChristophidesCS00
335405,conf/sigmod/LiefkeS00
335409,conf/sigmod/GarofalakisGRSS00
335413,conf/sigmod/RodriguezR00
335414,conf/sigmod/CorralMTV00
335415,conf/sigmod/KornM00
331986,journals/tods/MuralidharS99
331984,journals/tods/DeySB99
331992,journals/tods/YanG99
331989,journals/tods/WandSW99
333609,journals/sigmod/FrankGGJKLMNPSSSTW99
333611,journals/sigmod/RosenthalS99
333610,journals/sigmod/BoulosO99
333613,journals/sigmod/RamDD99
333612,journals/sigmod/YauLMS99
333615,journals/sigmod/DomenigD99
333614,journals/sigmod/PapianiWDN99
335372,conf/sigmod/HanPY00
333616,journals/sigmod/GruenwaldBDGSSV99
335376,conf/sigmod/ShenoyHSBBS00
335375,conf/sigmod/RiedelFGN00
310065,journals/sigmod/KuanL99
310066,journals/sigmod/RoantreeMH99
310063,journals/sigmod/SouzaS99
310064,journals/sigmod/CeriFP99
310075,journals/sigmod/EisenbergM99
310710,journals/tods/DattaVCK99
320249,journals/tods/ChaudhuriS99
320252,journals/tods/GravanoGT99
310712,journals/tods/LeveneL99
310715,journals/tods/Wijsen99
328959,journals/tods/BozkayaO99
328996,journals/tods/CasatiCPP99
320255,journals/tods/HjaltasonS99
328943,journals/tods/Alagic99
306141,journals/sigmod/Ritter98
306133,journals/sigmod/ChristoffelPSL98
306129,journals/sigmod/Domingo-FerrerH98
309870,journals/sigmod/ForteHWDCVHFS99
309852,journals/sigmod/Mackay99
306144,journals/sigmod/EisenbergM98a
309895,journals/sigmod/SycaraKWL99
309886,journals/sigmod/PapazoglouH99
309883,journals/sigmod/Hampapur99
309878,journals/sigmod/SmithO99
310062,journals/sigmod/NascimentoM99
310061,journals/sigmod/Gal99
310060,journals/sigmod/FowlerPNB99
277955,conf/sigmod/Epstein95
278247,journals/tods/TariSS97
278246,journals/tods/StoreyCDGS97
277632,journals/tods/ZobelMR98
277641,journals/tods/SistlaWYS98
277639,journals/tods/KonopnickiS98
276392,conf/sigmod/ChenWZ98
276391,conf/sigmod/DarEGP98
277628,journals/tods/LiuHD98
277627,journals/tods/Hellerstein98
276388,conf/sigmod/ZaianeHLCC98
276387,conf/sigmod/ParkKKLPC98
276390,conf/sigmod/CeriFP98
276389,conf/sigmod/Toyama98
276383,conf/sigmod/AvnurHLORRRW98
276384,conf/sigmod/KornackerSH98
276385,conf/sigmod/LacroixSC98
276379,conf/sigmod/KiepuszewskiMO98
276380,conf/sigmod/Cohen98a
276381,conf/sigmod/AmbiteABKMMMPT98
276382,conf/sigmod/LiYVGPUV98
276376,conf/sigmod/LiuPTBBZBHY98
276377,conf/sigmod/OlstonWACELSS98
276378,conf/sigmod/ChaudhuriN98a
276371,conf/sigmod/Lassettre98
276372,conf/sigmod/Brewer98
276373,conf/sigmod/Kennamer98
276374,conf/sigmod/LiS98
276370,conf/sigmod/Chong98
276369,conf/sigmod/NaumanS98
276368,conf/sigmod/Whelan98
276367,conf/sigmod/Aulakh98
276366,conf/sigmod/LahiriJJC98
276365,conf/sigmod/AndersonAF98
276364,conf/sigmod/NgLK98
276362,conf/sigmod/Chan98
276358,conf/sigmod/Doherty98
276357,conf/sigmod/Eaton98
276356,conf/sigmod/ReinwaldP98
276354,conf/sigmod/BlakeleyP98
276352,conf/sigmod/ClossmanSHKPB98
276350,conf/sigmod/AdamY98
276351,conf/sigmod/KemperKM98
276348,conf/sigmod/Stonebraker98
276349,conf/sigmod/Mylopoulos98
276346,conf/sigmod/LarsonG98
276347,conf/sigmod/AndersonBKW98
276344,conf/sigmod/MatiasVW98
276342,conf/sigmod/RajagopalanML98
276343,conf/sigmod/ChaudhuriMN98
276340,conf/sigmod/AdaliBSS98
276341,conf/sigmod/FernandezFKLS98
276338,conf/sigmod/JaedickeM98
276339,conf/sigmod/GodfreySE98
304206,conf/sigmod/ChaudhuriMN99
304204,conf/sigmod/MankuRL99
304208,conf/sigmod/HaasH99
304207,conf/sigmod/AcharyaGPR99a
304210,conf/sigmod/FlorescuLMS99
304209,conf/sigmod/IvesFFLW99
304211,journals/vldb/MaratheS02
304197,conf/sigmod/GehrkeGRL99
304196,conf/sigmod/LakshmananNHP99
304199,conf/sigmod/VitterW99
304198,conf/sigmod/AboulnagaC99
304201,conf/sigmod/ChanI99
304200,conf/sigmod/LeeKC99
304203,conf/sigmod/BlohsfeldKS99
304202,conf/sigmod/Wu99
304188,conf/sigmod/AggarwalPWYP99
304190,conf/sigmod/ShanmugasundaramNSR99
304191,conf/sigmod/BreitbartKRSS99
304192,conf/sigmod/Jamil99
304193,conf/sigmod/AdaliSS99
304194,conf/sigmod/JagadishLMSV99
304195,conf/sigmod/Hidber99
293151,journals/tods/BertinoBFS98
304183,conf/sigmod/MamoulisP99
304184,conf/sigmod/AcharyaPR99
304185,conf/sigmod/ChakrabartiM99
304186,conf/sigmod/JagadishLS99
304187,conf/sigmod/AnkerstBKS99
290602,journals/sigmod/KeetonPH98
290601,journals/sigmod/KappelR98
290598,journals/sigmod/Lomet98
290607,journals/sigmod/ChangGKRS98
290604,journals/sigmod/EisenbergM98
288088,journals/tods/Revesz98
288087,journals/tods/DyresonS98
290597,journals/sigmod/GriffinK98
290596,journals/sigmod/CheungF98
288089,journals/tods/StolboushkinT98
280356,conf/sigmod/HanFWCZK96
280357,conf/sigmod/ChooOLCGBPS96
280354,conf/sigmod/LeflerSW96
280355,conf/sigmod/QuassWGHLMNRRAUW96
280360,conf/sigmod/HungYK96
280358,conf/sigmod/DogacHKOONDMAKE96
280359,conf/sigmod/FukudaMMT96a
280348,conf/sigmod/Bernstein96
280349,conf/sigmod/Keim96
278249,journals/tods/ZaharioudakisCF97
280352,conf/sigmod/PiatkoYLS96
280350,conf/sigmod/Mohan96
280351,conf/sigmod/Han96
375730,conf/sigmod/Amer-YahiaCLS01
375729,conf/sigmod/YanMHF01
375728,conf/sigmod/SchusterW01
375727,conf/sigmod/GetoorTK01
375724,conf/sigmod/WuAA01
375723,conf/sigmod/NguyenACP01
375720,conf/sigmod/TatarinovIHW01
375744,conf/sigmod/DraperHW01
375743,conf/sigmod/NazeriBO01
375742,conf/sigmod/Maguire01
375739,conf/sigmod/StonebrakerH01
375737,conf/sigmod/WynblattN01
375736,conf/sigmod/CandanLLHA01
375731,conf/sigmod/DoanDH01
375757,conf/sigmod/Sahuguet01
375752,conf/sigmod/DeolaseeKPRS01
375749,conf/sigmod/GodfreyGXZ01
375751,conf/sigmod/LahiriG01
375748,conf/sigmod/Galindo-LegariaJ01
375769,conf/sigmod/AgrawalCN01
375771,conf/sigmod/CatarciS01
375765,conf/sigmod/ClaypoolRZSK01
375767,conf/sigmod/HernandezMHYHT01
375764,conf/sigmod/BertinoCF01
375759,conf/sigmod/AdiBEY01
375761,conf/sigmod/BabyCY01
375672,conf/sigmod/BreunigKKS01
375677,conf/sigmod/FabretJLPRS01
375674,conf/sigmod/FernandezMS01
375668,conf/sigmod/AggarwalY01
375671,conf/sigmod/IpeirotisGS01
375670,conf/sigmod/GreenwaldK01
375684,conf/sigmod/YuMWL01
375682,conf/sigmod/BorkarDS01
375686,conf/sigmod/BrunoCG01
375685,conf/sigmod/DeshpandeGR01
375679,conf/sigmod/KimCK01
375678,conf/sigmod/SlivinskasJS01
375681,conf/sigmod/BohannonMR01
375680,conf/sigmod/KeoghCMP01
375692,conf/sigmod/ChenGK01
375693,conf/sigmod/BabuGR01
375694,conf/sigmod/ChaudhuriDN01
375703,conf/sigmod/MistryRSR01
375687,conf/sigmod/JagadishJOT01
375688,conf/sigmod/ChenGM01
375689,conf/sigmod/GionisGK01
375690,conf/sigmod/HristidisKP01
375712,conf/sigmod/KalnisP01
375714,conf/sigmod/BohmBKK01
375716,conf/sigmod/LangS01
375718,conf/sigmod/LazaridisM01
375705,conf/sigmod/AfratiLU01
375706,conf/sigmod/GoldsteinL01
375709,conf/sigmod/LeeWMS01
375710,conf/sigmod/OlstonWL01
381897,journals/sigmod/PhatakSSS96
381895,journals/sigmod/Wade96
381893,journals/sigmod/FreemanG96
381892,journals/sigmod/UrbanDG96
383735,journals/tods/AndriesCPB01
381901,journals/sigmod/Qian96
383893,journals/tods/FukudaMMT01
383892,journals/tods/ChomickiTB01
383737,journals/tods/HsuSY01
383736,journals/tods/DekhtyarRS01
502032,journals/tods/LiC01
502031,journals/tods/EiterLLS01
383894,journals/tods/JajodiaSSS01
503101,journals/tods/MamoulisP01
503102,journals/tods/LakshmananSS01
502033,journals/tods/Ng01
503100,journals/tods/KotidisR01
507235,journals/tods/Suciu02
507236,journals/tods/SchuldtABS02
507341,journals/sigmod/TianDCZ02
507237,journals/tods/LiuDL02
507342,journals/sigmod/Cingil02
507343,journals/sigmod/SommerGB02
375774,conf/sigmod/AgichteinGV01
375773,conf/sigmod/ShahC01
375777,conf/sigmod/KriegelMPS01
375776,conf/sigmod/ChangC01
375780,conf/sigmod/DattaDRTV01
375779,conf/sigmod/LamCKNH01
375786,conf/sigmod/HanPLJ01
375783,conf/sigmod/WhitneyS01
375789,conf/sigmod/ChenZCKR01
375812,conf/sigmod/CasatiS01
375810,conf/sigmod/Bussler01
377665,journals/tods/BohlenJS00
377676,journals/tods/FegarasM00
381860,journals/sigmod/Bestavros96
381868,journals/sigmod/RamamrithamSSTX96
381870,journals/sigmod/HaritsaS96
381873,journals/sigmod/KuoM96
381876,journals/sigmod/UlusoyB96
381878,journals/sigmod/LinP96
381879,journals/sigmod/SonDT96
381882,journals/sigmod/AdelbergKG96
381886,journals/sigmod/SilberschatzSU96
381889,journals/sigmod/BerndtssonH96
381890,journals/sigmod/Baeza-YatesN96
335494,conf/sigmod/FegarasSRM00
335495,conf/sigmod/WangSSZZW00
335492,conf/sigmod/IvesLPST00
335474,conf/sigmod/Nori00
335471,conf/sigmod/Ramakrishnan00
335468,conf/sigmod/OrdonezC00
335469,conf/sigmod/Jhingran00
335465,conf/sigmod/Weininger00
336589,conf/sigmod/OriaOILY00
336587,conf/sigmod/BressanGOT00
336583,conf/sigmod/LiBCS00
336579,conf/sigmod/LiuPBHPT00
336578,conf/sigmod/YangYW00
336577,conf/sigmod/GillmannWSWW00
336575,conf/sigmod/Rodriguez-Martinez00
336573,conf/sigmod/HsuLG00
336572,conf/sigmod/PeiMHZ00
336568,conf/sigmod/Galhardas00
336564,conf/sigmod/Sarawagi00
336562,conf/sigmod/BerckenDS00
336560,conf/sigmod/ChenDLT00
335497,conf/sigmod/MerialdoAMMP00
335496,conf/sigmod/RundensteinerCCSO00
335430,conf/sigmod/LabrinidisR00
335432,conf/sigmod/ChenJDTW00
335433,conf/sigmod/ChangBCLLS00
335434,conf/sigmod/JagadishKS00
335426,conf/sigmod/ForlizziGNS00
335427,conf/sigmod/SaltenisJLL00
335428,conf/sigmod/MoonSL00
335429,conf/sigmod/ChoSG00
335421,conf/sigmod/PopaDST00
335422,conf/sigmod/GoldmanW00
335423,conf/sigmod/AgrawalW00
335416,conf/sigmod/LeeKOTM00
335419,conf/sigmod/RoySSB00
335420,conf/sigmod/HellersteinA00
335461,conf/sigmod/HsiaoN00
335462,conf/sigmod/PonnekantiK00
335452,conf/sigmod/WattezCBFF00
335457,conf/sigmod/Ross00
335449,conf/sigmod/RaoR00
335448,conf/sigmod/GunopulosKTD00
335451,conf/sigmod/WaasG00
335450,conf/sigmod/AcharyaGP00
335437,conf/sigmod/RamaswamyRS00
335436,conf/sigmod/OhHP00
335439,conf/sigmod/SzalayGKT00
335438,conf/sigmod/AgrawalS00
369281,journals/sigmod/RashidS00
369287,journals/sigmod/Jhingran00
369289,journals/sigmod/BernsteinHP00
369282,journals/sigmod/YuenCLL00
369284,journals/sigmod/Halevy00
362138,journals/sigmod/VetterliVS00
362140,journals/sigmod/LeeC00
362136,journals/sigmod/Bussche00
362137,journals/sigmod/WestmannKHM00
363955,journals/tods/KemmeA00
363956,journals/tods/Meo00
362142,journals/sigmod/Palpanas00
363954,journals/tods/BaralisW00
373709,journals/sigmod/MeltonMJKSZ01
373705,journals/sigmod/CarmelMS01
373699,journals/sigmod/Critchlow01
375666,conf/sigmod/NgWY01
375665,conf/sigmod/GehrkeKS01
375664,conf/sigmod/HanPDW01
373713,journals/sigmod/MillerHHYHFP01
373638,journals/sigmod/Aggarwal01
373631,journals/sigmod/BiancheriPP01
369291,journals/sigmod/PoessF00
373697,journals/sigmod/BunemanFSW01
373691,journals/sigmod/FengJH01
373684,journals/sigmod/BertinoEH01
373680,journals/sigmod/PuSW01
344820,journals/sigmod/Etzion99
344822,journals/sigmod/BonifatiC00
344825,journals/sigmod/GatziuJSV99
344828,journals/sigmod/PaepckeGRC00
344839,journals/sigmod/HansonN99
344843,journals/sigmod/KempsterST99
344850,journals/sigmod/Libkin99
344853,journals/sigmod/Abiteboul99
336590,conf/sigmod/ReveszCKLLW00
344789,journals/sigmod/RoddickABDEGHLMMMW00
344794,journals/sigmod/LabrinidisR00
344799,journals/sigmod/PourabbasR00
344803,journals/sigmod/Vassilakis00
344808,journals/sigmod/DongS00
344815,journals/sigmod/LiefkeS00
344819,journals/sigmod/EisenbergM00
357778,journals/tods/ParsonsW00
357777,journals/tods/CuiWW00
362096,journals/sigmod/WuY00
362104,journals/sigmod/TheodoridisN00
362101,journals/sigmod/ClementiniF00
344860,journals/sigmod/MusickC99
344857,journals/sigmod/JacobS99
344869,journals/sigmod/VassiliadisS99
344864,journals/sigmod/EisenbergM99a
352982,journals/tods/KossmannS00
352963,journals/tods/GutingBEJLSV00
357776,journals/tods/Bohm00
352983,journals/tods/Lerner00
601865,journals/sigmod/Aberer02
601862,journals/sigmod/HalkidiBV02a
601863,journals/sigmod/HuangKL02
601869,journals/sigmod/Neven02
601873,journals/sigmod/LightstoneLZ02
568519,journals/tods/BrunoCG02
565143,journals/sigmod/Fagin02
565141,journals/sigmod/EisenbergM02
581752,journals/tods/CaldersNW02
568520,journals/tods/ChakrabartiKMP02
582412,journals/tods/CiacciaP02
582411,journals/tods/MayL02
581754,journals/tods/TaoPZ02
581753,conf/vldb/GibbonsMP97
601861,journals/sigmod/YaoG02
601859,journals/sigmod/Hammer01
582413,journals/tods/FernandezKSMT02
603880,journals/sigmod/Huyn01
603884,journals/sigmod/BabuW01
603886,journals/sigmod/LabrinidisM01
604267,journals/sigmod/StolfoLCFE01
604268,journals/sigmod/BarbaraCJW01
604269,journals/sigmod/CabreraLM01
604270,journals/sigmod/LeeF01
604271,journals/sigmod/SayginVC01
601879,journals/sigmod/LuoI02
603870,journals/sigmod/Fankhauser01
603869,journals/sigmod/Aberer01
603872,journals/sigmod/SchmidtWKFCMB01
603871,journals/sigmod/ShanmugasundaramSKKVNT01
603874,journals/sigmod/Suciu01
603873,journals/sigmod/HanBP01
603876,journals/sigmod/LudascherMM01
603875,journals/sigmod/ChienTZ01
603878,journals/sigmod/Lomet01
615197,journals/vldb/VaghaniRKSSLH94
615200,journals/vldb/LeeW94
615195,journals/vldb/RamakrishnanSSS94
615196,journals/vldb/KieslingSSD94
615193,journals/vldb/RamamohanaraoH94
615194,journals/vldb/DerrMP94
615189,journals/vldb/Sciore94
615209,journals/vldb/PapadiasS94
615210,journals/vldb/LinJF94
615207,journals/vldb/Baumann94
615208,journals/vldb/ChuIT94
615206,journals/vldb/Guting94
615201,journals/vldb/Barbara-MillaG94
615202,journals/vldb/Bertino94
604280,journals/sigmod/MeltonE01
604278,journals/sigmod/Cardelli01
604274,journals/sigmod/Aberer02b
615188,journals/vldb/KamelWS94
615186,journals/vldb/GeorgakopoulosRL94
604282,journals/sigmod/ShahMFH01
637413,journals/sigmod/SpynsMJ02
637414,journals/sigmod/SureSS02
637415,journals/sigmod/BusslerFM02
615237,journals/vldb/NybergBCGL95
615238,conf/sigmod/WhiteD94
615239,journals/vldb/SwamiS95
637420,journals/sigmod/GroskySF02
637421,journals/sigmod/ButtlerCCFHLPRX02
637422,journals/sigmod/GobleR02a
637416,journals/sigmod/FininJ02
637417,journals/sigmod/MaximilienS02
637418,journals/sigmod/AnyanwuS02
637419,journals/sigmod/AbererCH02
615220,journals/vldb/TenienteO95
615219,journals/vldb/PeckhamMD95
615222,journals/vldb/TempletonHMB95
615221,journals/vldb/GutingS95
615214,journals/vldb/CliftonGB95
615213,journals/vldb/ConstantopoulosJMV95
615216,journals/vldb/DanYC95
615215,journals/vldb/AgrawalAJL95
615233,journals/vldb/LandauST95
615230,journals/vldb/KemperK95
615234,journals/vldb/AbiteboulB95
615227,journals/vldb/AlbanoGO95
615229,journals/vldb/BenzakenD95
615228,journals/vldb/OzsuPSILM95
564697,conf/sigmod/ViglasN02
564695,conf/sigmod/KalnisNOPT02
564694,conf/sigmod/RiedewaldAA02
564693,conf/sigmod/BunemanKTT02
564702,conf/sigmod/ZadorozhnyRVUB02
564701,conf/sigmod/OlstonW02
564699,conf/sigmod/DobraGGR02
564698,conf/sigmod/MaddenSHR02
507362,journals/sigmod/Stonebraker02
507369,journals/sigmod/Snodgrass02
507360,journals/sigmod/Suciu02
507358,journals/sigmod/Winslett01a
507348,journals/sigmod/QuixSJ02
507349,journals/sigmod/ErdurD02
507346,journals/sigmod/Kim02
507347,journals/sigmod/CuiJO02
507353,journals/sigmod/Aberer02a
507350,journals/sigmod/BallMRZ02
507351,journals/sigmod/Bussler02
564737,conf/sigmod/WangWYY02
564735,conf/sigmod/MoonWH02
564739,conf/sigmod/ProcopiucJAM02
564738,conf/sigmod/YangWYH02
564742,conf/sigmod/ChoiC02
564741,conf/sigmod/ThaperGIK02
564745,conf/sigmod/SismanisDRK02
564743,conf/sigmod/Aggarwal02
564726,conf/sigmod/Ramanan02
564725,conf/sigmod/GuhaJKSY02
564729,conf/sigmod/VriesMNK02
564727,conf/sigmod/BrunoKS02
564731,conf/sigmod/ChangH02
564730,conf/sigmod/TaoP02
564734,conf/sigmod/GaoW02
564733,conf/sigmod/PolyzotisG02
564714,conf/sigmod/PapakonstantinouPV02
564715,conf/sigmod/TatarinovVBSSZ02
564717,conf/sigmod/HacigumusILM02
564718,conf/sigmod/GillmannWW02
564719,conf/sigmod/DasuJMS02
564721,conf/sigmod/LuoEHN02
564722,conf/sigmod/BrunoC02
564723,conf/sigmod/RamanH02
564703,conf/sigmod/DattaDTVSR02
564705,conf/sigmod/Grust02
564706,conf/sigmod/ChungMS02
564707,conf/sigmod/KaushikBNK02
564709,conf/sigmod/ZhouR02
564710,conf/sigmod/ChenGMV02
564711,conf/sigmod/LiGS02
564713,conf/sigmod/FreireHRRS02
564784,conf/sigmod/HinneburgKW02
564783,conf/sigmod/PhanN02
564782,conf/sigmod/AgrawalCD02
564781,conf/sigmod/HanWDPW02
564779,conf/sigmod/FlorescuGKR02
564778,conf/sigmod/CrescenziMM02
564777,conf/sigmod/CranorGJSS02
564776,conf/sigmod/MaddenH02
564775,conf/sigmod/FungSG02
564774,conf/sigmod/WangTYGWP02
564773,conf/sigmod/KarbhariRXD02
564771,conf/sigmod/ChenRW02
564770,conf/sigmod/AbadiC02
564768,conf/sigmod/TheobaldW02
564767,conf/sigmod/ZhangMCMR02
564765,conf/sigmod/AltinelLKMPLWB02
564766,conf/sigmod/MarklL02
564762,conf/sigmod/AntonJLPZZ02
564763,conf/sigmod/LuoKMPWLN02
564759,conf/sigmod/PossSKL02
564757,conf/sigmod/RaoZML02
564758,conf/sigmod/SzalayGTKMRSv02
564754,conf/sigmod/Weininger02
564755,conf/sigmod/KanthRA02
564753,conf/sigmod/BumbulisB02
564749,conf/sigmod/BhattacharyaMBNHS02
564750,conf/sigmod/DogacTPPLKTK02
564746,conf/sigmod/GarofalakisG02
564747,conf/sigmod/ChaudhuriGN02
565137,journals/sigmod/LaenderRST02
565135,journals/sigmod/Hammer02
565129,journals/sigmod/Aberer03d
565125,journals/sigmod/Camps02
565124,journals/sigmod/HalkidiBV02
565120,journals/sigmod/OrlandicLS02
565121,journals/sigmod/PourabbasR02
565122,journals/sigmod/Wiegand02
565123,journals/sigmod/Kosch02
564799,conf/sigmod/ShashaB02
564801,conf/sigmod/Bussler02
565119,journals/sigmod/SlivinskasJS02
564792,conf/sigmod/Cotton02
564794,conf/sigmod/GarofalakisGR02
564796,conf/sigmod/Mohan02
564798,conf/sigmod/ShashaB02a
564785,conf/sigmod/LuWYBLY02
564786,conf/sigmod/RundensteinerWYD02
564788,conf/sigmod/HellersteinW02
564790,conf/sigmod/Bonnet02
671334,conf/vldb/KnorrN98
671333,conf/vldb/BlottKS98
671336,conf/vldb/Vieille98
671335,conf/vldb/BelloDDFNSWZ98
671338,conf/vldb/FangSGMU98
671337,conf/vldb/NipplM98
671340,conf/vldb/ArgePRSV98
671339,conf/vldb/BliujuteJSS98
671342,conf/vldb/SheikholeslamiCZ98
671341,conf/vldb/BraumandlCK98
671344,conf/vldb/Greco98
671343,conf/vldb/Tygar98
671346,conf/vldb/GoldmanSVG98
671345,conf/vldb/RiedelGF98
671349,conf/vldb/McHughW99
671347,conf/vldb/AcharyaGP99
671350,conf/vldb/SahuguetA99
671351,conf/vldb/Johnson99
671352,conf/vldb/DattaRT99
671353,conf/vldb/Campbell99
671354,conf/vldb/LeeL99
671355,conf/vldb/LiRS99
671356,conf/vldb/NaumannLF99
671357,conf/vldb/ChengGKLLQS99
671358,conf/vldb/Kornacker99
671359,conf/vldb/ChaudhuriG99
671360,conf/vldb/WangZL99
671361,conf/vldb/DarmontS99
671362,conf/vldb/RaoR99
671363,conf/vldb/VorugantiOU99
671364,journals/vldb/ManegoldBK00
671365,conf/vldb/ChanI99
671494,conf/vldb/RothOH99
671493,conf/vldb/FlorescuLSY99
671492,conf/vldb/BrodieC99
671491,conf/vldb/PedersenJD99
671498,conf/vldb/BernsteinPS99
671497,conf/vldb/AbiteboulAAACHHMMMMSTV99
671496,conf/vldb/ChenCFGJMTW99
671495,conf/vldb/TamuraK99
671502,conf/vldb/Dayal99
671501,conf/vldb/JagadishKNS99
671500,conf/vldb/Sarawagi99
671499,conf/vldb/ShanmugasundaramGTZDN99
671506,conf/vldb/KemperKW99
671505,conf/vldb/KeimH99
671504,conf/vldb/PitouraC99
671503,conf/vldb/HoskingC99
671509,conf/vldb/BamfordAP99
671510,conf/vldb/DonjerkovicR99
671507,conf/vldb/GohOST99
671508,conf/vldb/Hamilton99
671513,conf/vldb/BaumannDFRW99
671514,conf/vldb/GarofalakisRS99
671511,conf/vldb/LakshmananSS99
671512,conf/vldb/KumarRRT99
671517,conf/vldb/JermaineDO99
671518,conf/vldb/BouganimCDDGS99
671515,conf/vldb/JaedickeM99
671516,conf/vldb/GionisIM99
671521,conf/vldb/PacittMS99
671522,conf/sigmod/CareyCNVDRSM99
671519,conf/vldb/TanGO99
671520,conf/vldb/FuhDCMTLDRM99
671528,conf/vldb/Graefe99
671527,conf/vldb/IoannidisP99
671530,conf/vldb/VriesDBA99
671529,conf/vldb/KnorrN99
671524,conf/vldb/CeriFP99
671523,conf/vldb/ChakrabartiBD99
671526,conf/vldb/Mohan99
671525,conf/vldb/CarinoOBS99
671666,conf/vldb/JagadishLS99
671665,conf/vldb/ZurekS99
671668,conf/vldb/KonigW99
671667,conf/vldb/JagadishMN99
671662,conf/vldb/AilamakiDHW99
671661,conf/vldb/NinkHR99
671664,conf/vldb/AbiteboulACEMM99
671663,conf/vldb/RamanRH99
671673,conf/vldb/JosifovskiR99
671675,conf/vldb/HinneburgAK00
671676,conf/vldb/SakuraiYUK00
671677,conf/vldb/MillerHH00
671669,conf/vldb/Chawathe99
671670,conf/vldb/DeRose99
671671,conf/vldb/HaasKU99
671672,conf/vldb/DyresonBJ99
671682,conf/vldb/ShahabiFKF00
671683,conf/vldb/Banerjee00
671684,conf/vldb/LabioYCGW00
671685,conf/vldb/Schnase00
671678,conf/vldb/DiaoLCT00
671679,conf/vldb/ChoG00
671680,conf/vldb/Brodie00
671681,conf/vldb/RisheYACLMVSV00
671694,conf/vldb/CasatiS00
671693,conf/vldb/PantiSG00
671692,conf/vldb/PottingerL00
671690,conf/vldb/PereiraFLS00
671689,conf/vldb/YiF00
671688,conf/vldb/JarkeKL00
671687,conf/vldb/WangZ00
671686,conf/vldb/LuL00
671702,conf/vldb/DeenJNNW00
671701,conf/vldb/AgrawalCN00
671700,conf/vldb/Carey00
671699,conf/vldb/KoudasIM00
671698,conf/vldb/Nori00
671697,conf/vldb/WangHH00
671696,conf/vldb/ChaudhuriW00
671695,conf/vldb/ShanmugasundaramSBCLPR00
671842,conf/vldb/PedersenJD00
671843,conf/vldb/StohrMR00
671840,conf/vldb/Tsur00
671841,conf/vldb/AltinelF00
671839,conf/vldb/AdiBEY00
671836,conf/vldb/NetzCBF00
671837,conf/vldb/CowleyP00
671850,conf/vldb/PappasC00
671851,journals/vldb/ChakrabartiGRS01
671849,conf/vldb/GoldsteinR00
671846,conf/vldb/ManolescuFKXO00
671847,conf/vldb/WuFSP00
671844,conf/vldb/KriegelPS00
671845,conf/vldb/SchaeferBBJ00
637433,journals/sigmod/MeltonE02
637435,journals/sigmod/RoantreeS02
640991,journals/sigmod/OConnellW03
640992,journals/sigmod/GottlobKP03
640993,journals/sigmod/Chang03
640994,journals/sigmod/WenLMZ03
637424,journals/sigmod/Aberer03b
637428,journals/sigmod/Grohe02
637430,journals/sigmod/ShethM02
637431,journals/sigmod/BoucelmaCGJLL02
641003,journals/sigmod/LacroixB03
641006,journals/sigmod/ChakravarthyAEFO03
641270,journals/vldb/AnGSVKI02
641272,conf/vldb/ChirkovaHS01
641271,journals/vldb/AilamakiDH02
640996,journals/sigmod/David03
640995,journals/sigmod/BertinoEH03
640997,journals/sigmod/MarchiLPT03
670999,conf/vldb/BernsteinHSSZ97
671000,conf/vldb/HumborstadSHT97
670997,conf/vldb/GinisHKMT97
670998,conf/vldb/WildfogelY97
671003,conf/vldb/ChatziantoniouR97
671004,conf/vldb/GarofalakisI97
671001,conf/vldb/KietzRS97
671002,conf/vldb/MaratheS97
670991,conf/vldb/LlirbatST97
670992,conf/vldb/RothS97
641273,journals/vldb/AguileraCMVV02
641274,journals/vldb/HuntAI02
670995,conf/vldb/HaasKWY97
670996,conf/vldb/HuangJR97
670993,conf/vldb/RossS97
670994,conf/vldb/GravanoG97
671016,conf/vldb/BerckenSW97
671015,conf/vldb/LeeLWS97
671014,conf/vldb/AtzeniMM97
671013,conf/vldb/JagadishNSSK97
671020,conf/vldb/AlonsoHST97
671019,conf/vldb/BaralisPT97
671018,conf/vldb/ShaferA97
671017,conf/vldb/BohannonLRSSS97
671008,conf/vldb/GoldmanW97
671007,conf/vldb/ChristodoulakisTZ97
671006,conf/vldb/ZhangL97
671005,conf/vldb/CiacciaPZ97
671012,conf/vldb/DesslochM97
671011,conf/vldb/BridgeJKLLM97
671010,conf/vldb/SeshadriLR97
671009,conf/vldb/KumarKA97
671160,conf/vldb/GraefeBC98
671161,conf/vldb/GingrasL98
671163,conf/vldb/PapadiasMD98
671164,conf/vldb/Garcia-MolinaLY98
671029,conf/vldb/OoiGT98
671030,conf/vldb/CarinoJ98
671031,conf/vldb/CarinoO98
671033,conf/vldb/LinR98
671025,conf/vldb/KornLKF98
671026,conf/vldb/MuthOPW98
671027,conf/vldb/SilversteinBMU98
671028,conf/vldb/VenkataramanZ98
671021,conf/vldb/ChavdaW97
671022,conf/vldb/ChangG97
671023,conf/vldb/BamfordBKM98
671024,conf/vldb/OzsuVU98
671179,conf/vldb/ShivakumarGC98
671178,conf/vldb/Orenstein98
671181,conf/vldb/Schoning98
671180,conf/vldb/RoussopoulosK98
671175,conf/vldb/BaulierBGJGKKMMNNRSS98
671173,conf/vldb/Moerkotte98
671177,conf/vldb/CherniackZ98
671176,conf/vldb/Mihalisin98
671170,conf/vldb/RamaswamyMS98
671169,conf/vldb/Shaw98
671172,conf/vldb/AbiteboulMRVW98
671171,conf/vldb/BonczRK98
671166,conf/vldb/CareyK98
671165,conf/vldb/DoDJJR98
671168,conf/vldb/FlorescuLS98
671167,conf/vldb/BaulierBKS98
671196,conf/vldb/ZimbraoS98
671197,conf/vldb/HelmerWM98
671194,conf/vldb/RezendeH98
671195,conf/vldb/RezendeS98
671192,conf/vldb/WeberSB98
671193,conf/vldb/GarofalakisIO98
671190,conf/vldb/GeorgeH98
671191,conf/vldb/JagadishKMPSS98
671188,conf/vldb/GarciaLL98
671189,conf/vldb/ShuklaDN98
671186,conf/vldb/MorimotoFMTY98
671187,conf/vldb/SchieferKBLF98
671184,conf/vldb/JoshiBLL98
671185,conf/vldb/MengLYWCR98
671182,conf/vldb/ZouS98
671183,conf/vldb/RastogiS98
671332,conf/vldb/ZhangL98
671331,conf/vldb/IshikawaSF98
671330,conf/vldb/GehrkeRG98
671329,conf/vldb/Ganguly98
671328,conf/vldb/ChakrabartiSD98
671327,conf/vldb/JohnsonM98
671326,conf/vldb/MiloZ98
671325,conf/vldb/DarEGP98
671324,conf/vldb/Amer-YahiaCD98
671204,conf/vldb/GrovlenHT98
671203,conf/vldb/Sterling98
671202,conf/vldb/GibsonKR98
671201,conf/vldb/EsterKSWX98
671200,conf/vldb/LakshmiZ98
671199,conf/vldb/Slutz98
671198,conf/vldb/AnkerstBKS98
673637,conf/vldb/Cuppens96
673638,conf/vldb/PoosalaI97
673639,conf/vldb/GyssensL97
673640,conf/vldb/SkubiszewskiV97
673641,conf/vldb/FaloutsosJS97
673642,conf/vldb/MalonM97
673643,conf/vldb/NgC97
673644,conf/vldb/Huyn97
673645,journals/vldb/RoySSSA98
673646,conf/vldb/ChaudhuriN97
673648,conf/vldb/Jamil97
673649,conf/vldb/ClaussenKMP97
673650,conf/vldb/AlsabtiRS97
673651,conf/vldb/MorimotoIM97
673652,conf/vldb/BaumannFRW97
673653,conf/vldb/StathatosRB97
673498,conf/vldb/CochranePM96
673497,conf/vldb/AgarwalADGNRS96
673500,conf/vldb/MeoPC96
673499,conf/vldb/Rengarajan96
673502,conf/vldb/BerchtoldKK96
673501,conf/vldb/RysNS96
673628,conf/vldb/ChatziantoniouR96
673627,conf/vldb/SrivastavaDJL96
673630,conf/vldb/Malaika96
673629,conf/vldb/Suciu96
673632,conf/vldb/SarawagiS96
673631,conf/vldb/Mohan96
673634,conf/vldb/SeshadriLR96
673633,conf/vldb/CareyHMW96
673636,conf/vldb/DiwanRSS96
673635,conf/vldb/VermeerA96
756661,conf/vldb/RamakrishnanGRSWZ95
757416,conf/vldb/PatonG01
756643,conf/vldb/DeutschPT99
756647,conf/vldb/GuPS00
758364,conf/vldb/LuSL95
758365,conf/vldb/Korth95
757417,conf/vldb/Leymann01
758363,conf/vldb/ShatdalKN94
758368,conf/vldb/GarofalakisOS97
758369,conf/vldb/WangYM97
758366,conf/vldb/Baru96
758367,conf/vldb/ScheuermannSV96
758373,conf/vldb/KoudasMJ99
758374,conf/vldb/ZirintsisKM99
758370,conf/vldb/ArunJ98
758371,conf/vldb/FankhauserGLMT98
673657,conf/vldb/YangKL97
673656,conf/vldb/TheodoratosS97
673655,conf/vldb/SeidlK97
673654,conf/vldb/FlorescuKLP97
673661,conf/vldb/PellenkoftLK97
673660,conf/vldb/WhiteheadSM97
673659,conf/vldb/ChakrabartiDAR97
673658,conf/vldb/SellisRF97
673665,conf/vldb/LockemannKKKN97
673664,conf/vldb/KraissW97
673663,conf/vldb/TriantafillouP97
673662,conf/vldb/VassalosP97
673669,journals/tods/GibbonsMP02
673668,conf/vldb/LiCHH97
673667,conf/vldb/HelmerM97
673666,conf/vldb/EicklerKK97
673325,conf/vldb/Toivonen96
673326,conf/vldb/Dyreson96
673328,conf/vldb/FaloutsosMS96
673329,conf/vldb/Padmanabhan96
673320,conf/vldb/Ogawa96
673321,conf/vldb/PoosalaI96
673323,conf/vldb/AcharyaFZ96
673324,conf/vldb/Gupta96
673334,conf/vldb/Gawlick96
673461,conf/vldb/ChaudhuriS96
673462,conf/vldb/DarFJST96
673463,conf/vldb/Raghavan96
673330,conf/vldb/BouganimFV96
673331,conf/vldb/LeeL96
673332,conf/vldb/Levy96
673333,conf/vldb/RamakrishnanR96
673308,conf/vldb/CabreraRH95
673307,conf/vldb/MogiK95
673311,conf/vldb/FlodinR95
673309,conf/vldb/TreschPL95
673304,conf/vldb/SrikantA95
673303,conf/vldb/SeligmanBNSW95
673306,conf/vldb/Madnick95
673305,conf/vldb/KornackerB95
673317,conf/vldb/LeslieJBY95
673316,conf/vldb/EvangelidisLS95
673319,conf/vldb/SimonD95
673318,conf/vldb/ReuterCGSW95
673313,conf/vldb/DidriksenGD95
673312,conf/vldb/ChaudhuriGS95
673315,conf/vldb/KalusD95
673314,conf/vldb/FerrandinaMZFM95
673487,conf/vldb/FaloutsosG96
673488,conf/vldb/Suciu96a
673485,conf/vldb/GardarinST96
673486,conf/vldb/Sacks-Davis96
673483,conf/vldb/Klots96
673484,conf/vldb/GardarinGT96
673481,conf/vldb/PapakonstantinouAG96
673482,conf/vldb/GuptaM96
673495,conf/vldb/FukudaMMT96
673496,conf/vldb/IoannidisLGP96
673493,conf/vldb/KornSFSP96
673494,conf/vldb/ShuklaDNR96
673491,conf/vldb/ShaferAM96
673492,conf/vldb/Sheth96
673489,conf/vldb/Sullivan96
673490,conf/vldb/LakshmananSS96
673471,conf/vldb/Celis96
673470,conf/vldb/Bhashyam96
673469,conf/vldb/LevyRO96
673468,conf/vldb/ShethKMWDLPLS96
673467,conf/vldb/Mattos96
673466,conf/vldb/SevcikK96
673465,conf/vldb/CareyD96
673464,conf/vldb/ViverosNR96
673480,conf/vldb/BerckenS96
673479,conf/vldb/StaudtJ96
673477,conf/vldb/LabioG96
673476,conf/vldb/McKennaBHT96
673475,conf/vldb/BertinoBFS96
673474,conf/vldb/BohlenSS96
673472,conf/vldb/Kleewein96
765556,journals/vldb/SteinbrunnMK97
765559,journals/vldb/HaasCLS97
765558,journals/vldb/LometS97
765562,journals/vldb/FahlR97
765564,journals/vldb/BohmAnY97
765563,journals/vldb/DiazJ97
765547,journals/vldb/MehtaD97
765546,journals/vldb/SinghalS97
765552,journals/vldb/IoannidisNSS97
765551,journals/vldb/ChenHY97
765555,journals/vldb/Cobb97
765553,journals/vldb/MehrotraKS97
765538,journals/vldb/JiangE98
765539,journals/vldb/NgS98
765540,journals/vldb/SofferS98
765541,journals/vldb/ZezulaSAR98
765542,journals/vldb/BalkirO98
765544,journals/vldb/EvangelidisS97
765545,journals/vldb/Antoshenkov97
765527,journals/vldb/AbiteboulCM98
765528,journals/vldb/OoiTCH98
765531,journals/vldb/Seshadri98
765532,journals/vldb/KraissW98
765533,journals/vldb/ChakrabartiDAR98
765534,conf/vldb/AshwinRSSS97
765535,journals/vldb/NgC98
767129,journals/vldb/HjaltasonS02
767128,journals/vldb/SakuraiYUK02
767098,conf/sigmod/MaratheS99
767134,journals/vldb/MecellaP01
767131,journals/vldb/FengYLH02
767130,journals/vldb/NanopoulosM02
765855,journals/vldb/KashyapS96
765854,journals/vldb/BeckerGOSW96
765853,journals/vldb/MylopoulosCPST96
765852,journals/vldb/AntoshenkovZ96
767096,journals/vldb/MihailaRT02
767095,journals/vldb/Navarro02
767094,journals/vldb/RafieiM02
767093,journals/vldb/SaltenisJ02
765755,journals/vldb/HarrisR96
765756,journals/vldb/RamamrithamC96
765753,journals/vldb/KellerB96
765754,journals/vldb/StonebrakerALPSSSY96
765805,journals/vldb/HarderR96
765806,journals/vldb/OoiHLT96
765803,journals/vldb/DeyBS96
765804,journals/vldb/ShyyASL96
765690,journals/vldb/TsatalosSI96
765691,journals/vldb/PoulovassilisS96
765565,journals/vldb/MuckP97
765566,journals/vldb/BerchtoldKK97
765751,journals/vldb/DeWittNSV96
765752,journals/vldb/SivasankaranSTPR96
765692,journals/vldb/AmielBDS96
764223,journals/vldb/LiangOY00
765221,journals/vldb/GruserRZZ00
765220,journals/vldb/ChidlovskiiB00
764220,journals/vldb/TorpJS00
764219,journals/vldb/KornLKF00
764222,journals/vldb/PacittiS00
764221,journals/vldb/SheikholeslamiCZ00
764216,journals/vldb/MuthOPW00
764215,journals/vldb/GeorgeH00
764218,journals/vldb/KnorrNT00
764217,journals/vldb/GibsonKR00
764206,journals/vldb/IvesHW02
762472,journals/tods/BeneventanoBS03
762473,journals/tods/KarpSP03
762474,journals/tods/MelnikG03
764200,journals/vldb/Halevy02
758380,conf/vldb/ChristopheBPV00
758381,conf/vldb/AnciauxBBPV01
758382,conf/vldb/MargaritisFT01
758383,conf/vldb/Adler01
758377,conf/vldb/YuV00
758378,conf/vldb/ChakrabartiSST00
758379,conf/vldb/YagoubFIV00a
765526,journals/vldb/DesslochHMMT98
765525,journals/vldb/IshakbeyogluO98
765523,journals/vldb/ScheuermannWZ98
765522,journals/vldb/MehtaGPN98
765521,journals/vldb/HansonCDERTX98
765520,journals/vldb/Han98
765518,journals/vldb/KabraD99
765517,journals/vldb/HuangDT99
765516,journals/vldb/HarderST99
765515,journals/vldb/LiR99
765513,journals/vldb/LawLG99
765512,journals/vldb/AslanM99
765511,journals/vldb/BonczK99
765510,journals/vldb/KrivokapicKG99
765508,journals/vldb/WangW01
765507,journals/vldb/LeeSC01
765505,journals/vldb/CombiP01
765506,journals/vldb/LiCHH01
765240,journals/vldb/TanGO00
765504,journals/vldb/NguSHL01
765238,conf/vldb/BonczMK99
765239,journals/vldb/RamanRH00
765237,journals/vldb/JagadishKNS00
765234,journals/vldb/Atkinson00
765235,journals/vldb/BernsteinPS00
765231,journals/vldb/CandanLS00
765232,journals/vldb/FuCCM00
765224,journals/vldb/BunemanFS00
765223,journals/vldb/BerendtS00
672176,conf/vldb/DongHLPW01
672175,conf/vldb/AgrawalSX01
672174,conf/vldb/GilbertKMS01
672046,conf/vldb/AksoyZF01
672180,conf/vldb/CherniackFZ01
672179,conf/vldb/BlokWZPAKJ01
672178,conf/vldb/OoiYTJ01
672177,conf/vldb/OzsuLON01
672185,conf/vldb/OConnellWG01
672183,conf/vldb/Kotidis01
672182,conf/vldb/BunkerCCMMW01
672181,conf/vldb/DillKMRST01
672189,conf/vldb/BaumgartnerFG01a
672188,conf/vldb/UrhanF01
672187,conf/vldb/MorishimaKKT01
672186,conf/vldb/AmbiteKKMST01
672192,conf/vldb/VeltriCV01
176569,journals/tods/BrightHP94
672193,conf/vldb/YangG01
176570,journals/tods/ScioreSR94
672190,conf/vldb/NicklasGS03
174642,journals/tods/CliffordC94
672191,conf/vldb/MadhavanBR01
672197,conf/vldb/BerckenS01
181551,journals/sigmod/Stonebraker94
672198,conf/vldb/BohmMSW01
672194,conf/vldb/BaumgartnerFG01
176571,journals/tods/Subrahmanian94
672195,conf/vldb/PereiraFJLS01
176573,journals/tods/YanG94
672201,conf/vldb/BouguettayaEMO01
672202,conf/vldb/CooperSFHS01
672199,conf/vldb/CareyKRLABFLOPQRSSUVWY01
672200,conf/vldb/GravanoIJKMS01
672205,conf/vldb/MignetMAC01
174640,journals/tods/OliverS94
672206,conf/vldb/ZhouLZLZJT01
174641,journals/tods/TendickM94
672203,conf/vldb/ShanmugasundaramKSFF01
672204,conf/vldb/WiesnerK01
174639,journals/tods/SalemGS94
672208,conf/vldb/StohrR01
672207,conf/vldb/StanoiRAA01
672210,conf/vldb/CatozziR01
672209,conf/vldb/FegarasE01
672212,conf/vldb/BonifatiCDS01
672211,journals/sigmod/KantM00
672215,conf/vldb/AmirKN01
672213,conf/vldb/NarayananS01
672217,conf/vldb/TanEO01
672216,journals/vldb/ChirkovaHS02
672348,conf/vldb/BratsbergH01
672347,conf/vldb/ChungCLL01
672350,conf/vldb/NishioSTTL01
672349,conf/vldb/StillgerLMK01
672352,conf/vldb/OzdenGHNSDGGW01
672351,conf/vldb/Gibbons01
672353,conf/vldb/TsurAADKW01
672354,conf/vldb/KoschBBHHLRT01
672355,conf/vldb/AbrolLMMMRTWZ01
672356,conf/vldb/GarofalakisG01
672357,conf/vldb/AndreiV01
672358,conf/vldb/ManolopoulosT01
672360,conf/vldb/Mohan01
672361,conf/vldb/SundaraHCAS01
672362,conf/vldb/LabrinidisR01
672363,conf/vldb/PapadiasT01
672364,conf/vldb/DattaDTVRF01
672365,conf/vldb/NatsevCSLV01
672366,conf/vldb/SatheS01
672367,conf/vldb/AilamakiDHS01
672368,conf/vldb/ManolescuFK01
672369,conf/vldb/Shmueli01
671860,conf/vldb/PardonA00
671859,conf/vldb/Taylor00
671858,conf/vldb/MohanBWSZ00
671857,conf/vldb/LaneEN00
671855,conf/vldb/KemmeA00
671854,conf/vldb/DiligentiCLGG00
671853,conf/vldb/HvasshovdBT00
671852,conf/vldb/ChakrabartiM00
671868,conf/vldb/LingLL00
671867,conf/vldb/BernsteinHJRW00
671866,conf/vldb/Deshpande00
671865,conf/vldb/BasuFP00
671864,conf/vldb/LudasaherGM00
671863,conf/vldb/LakshmananJN00
671862,conf/vldb/CareyKSSS00
671861,conf/vldb/Schek00
671875,conf/vldb/GuntzerBK00
671876,conf/vldb/CeriCW00
671873,conf/vldb/Bar-YossefBCFW00
671874,conf/vldb/JohnsonA00
671871,conf/vldb/Bowker00
671872,conf/vldb/RamsakMFZEB00
671869,conf/vldb/HelalL00
671870,conf/vldb/CarusoCGLM00
672009,conf/vldb/RamasamyPNK00
672010,conf/vldb/ManegoldBK00
672007,conf/sigmod/CookKWZ96
672008,conf/vldb/ChoenniV00
672005,conf/vldb/GrumbachRS00
672006,conf/vldb/MendelzonV00
671877,conf/vldb/OlstonW00
672004,conf/vldb/SrinivasanDFCJYKTDB00
672016,conf/vldb/BalminPP00
672015,conf/vldb/CotterB00
672018,conf/vldb/DuttaDMRT00
672017,conf/vldb/GantiLR00
672012,conf/vldb/Ramaswamy00
672011,conf/vldb/MatiasVW00
672014,conf/vldb/BeneventanoBCCGMMV00
672013,conf/vldb/DingGS00
672024,conf/vldb/SakuraiYKU01
672023,conf/vldb/ZengBNN01
672026,conf/vldb/WaasCB01
672025,conf/vldb/RaghavanG01
672020,conf/vldb/YagoubFIV00
672019,conf/vldb/PfoserJT00
672022,conf/vldb/ChangG00
672021,conf/vldb/JiangSLB00
672032,conf/vldb/BrownG01
672033,conf/vldb/Wadler01
672034,conf/vldb/AboulnagaAN01
672035,conf/vldb/LiM01
672027,conf/vldb/JensenL01
672028,conf/vldb/KahveciS01
672029,conf/vldb/CuiW01
672030,conf/vldb/HuntAI01
672042,conf/vldb/GalhardasFSSS01
672043,conf/vldb/SadriZZA01
672044,conf/vldb/ChaudhuriS01
672045,conf/vldb/RamanH01
672036,conf/vldb/May01
672039,conf/vldb/SindoniTABFGMPPT01
672040,conf/vldb/LiCHPALHAY01
672041,conf/vldb/LuoN01
673003,conf/vldb/ColletCS94
673004,conf/vldb/MartinC94
673001,conf/vldb/KamelF94
673002,conf/vldb/BaralisW94
673007,conf/vldb/ChenRS95
673130,conf/vldb/GallersdorferN95
673005,conf/vldb/BrownMCL94
673006,conf/vldb/Brin95
672995,conf/vldb/SreenathS94
672996,conf/vldb/JohnsonS94
672993,conf/vldb/Spaccapietra94
672994,conf/vldb/ChakravarthyKAK94
672999,conf/vldb/Bernstein94
673000,conf/vldb/JagadishLRSS94
672997,conf/vldb/PirotteZMY94
672998,conf/vldb/ZemankovaI94
673142,conf/vldb/RusinkiewiczKTWM95
673141,conf/vldb/SumiyaYTSI95
673140,conf/vldb/Fecteau95
673139,conf/vldb/LuTD95
673146,conf/vldb/SistlaYLL95
673145,conf/vldb/HellersteinNP95
673144,conf/vldb/MillinerBP95
673143,conf/vldb/HasanM95
673134,conf/vldb/HanF95
673133,conf/vldb/Bayer95
673132,conf/vldb/BrownS95
673131,conf/vldb/BestavrosB95
673138,conf/vldb/SubietaKL95
673137,conf/vldb/BassiliadesV95
673136,conf/vldb/HvasshovdTBH95
673135,conf/vldb/HoelS95
673155,conf/vldb/AgrawalLSS95
673156,conf/vldb/Hallmark95
673157,conf/vldb/AgrawalPWZ95
673158,conf/vldb/WuYCT95
673159,conf/vldb/Sarawagi95
673160,conf/vldb/BunemanDHOW95
673161,conf/vldb/Lindsay95
673163,conf/vldb/RahmM95
673147,conf/vldb/GoyalHSS95
673148,conf/vldb/KonopnickiS95
673149,conf/vldb/MoserKK95
673150,conf/vldb/GuptaHQ95
673151,conf/vldb/OrensteinK95
673152,conf/vldb/Wang95
673153,conf/vldb/YanG95
673154,conf/vldb/YanL95
673296,conf/vldb/HaberIL95
673295,conf/vldb/HaasNSS95
673298,conf/vldb/BargaP95
673297,conf/vldb/CatozziR95
673300,conf/vldb/SavasereON95
673299,conf/vldb/MehtaD95
673302,conf/vldb/AmsalegFG95
673301,conf/vldb/Meier95
673165,conf/vldb/EicklerGK95
673164,conf/vldb/AmmannJR95
673167,conf/vldb/SteinbrunnPMK95
673166,conf/vldb/BelussiF95
673169,conf/vldb/GardarinGT95
673168,conf/vldb/WienerN95
673294,conf/vldb/GravanoG95
673170,conf/vldb/LometT95
672823,conf/vldb/HoelS94
672824,conf/vldb/FuC94
672821,conf/vldb/DavisonG94
672822,conf/vldb/ChawatheCY94
672819,conf/vldb/SteenhagenABB94
223866,conf/sigmod/Shyy95
223867,conf/sigmod/WoelkBJOTU95
223864,conf/sigmod/Gray95
223865,conf/sigmod/Golding95
223862,conf/sigmod/Ivinskis95
223863,conf/sigmod/BunemanM95
223860,conf/sigmod/Gettys95
223861,conf/sigmod/Hope95
223859,conf/sigmod/Moore95
223856,conf/sigmod/ChaudhuriDY95
223854,conf/sigmod/AbiteboulCM95
223855,conf/sigmod/BrinDG95
223852,conf/sigmod/BersonGM95
223853,conf/sigmod/DanS95
223851,conf/sigmod/FreedmanD95
223850,conf/sigmod/LuMSS95
223849,conf/sigmod/GriffinL95
223848,conf/sigmod/ZhugeGHW95
223847,conf/sigmod/BhargavaGI95
223846,conf/sigmod/DuSD95
223845,conf/sigmod/DavisonG95
223844,conf/sigmod/SistlaW95
223843,conf/sigmod/BettiniWBJ95
223842,conf/sigmod/AdelbergGK95
223841,conf/sigmod/IoannidisP95
223840,conf/sigmod/HouZ95
223817,conf/sigmod/GuptaMR95
223814,conf/sigmod/WhiteD95
223813,conf/sigmod/ParkCY95
223896,conf/sigmod/HammerGIPUW95
223897,conf/sigmod/LiC95
223893,conf/sigmod/GatziuGD95
223895,conf/sigmod/KeimK95
223888,conf/sigmod/AshleyFHLNP95
223889,conf/sigmod/BuchmannDZH95
223890,conf/sigmod/MassariPSC95
223891,conf/sigmod/ShklarSKT95
223886,conf/sigmod/CeriFPP95
223881,conf/sigmod/MattosM95
223880,conf/sigmod/Deutsch95
223883,conf/sigmod/Norrie95
223878,conf/sigmod/Levine95
223873,conf/sigmod/Olson95
223872,conf/sigmod/Perna95
223869,conf/sigmod/Squire95
223868,conf/sigmod/Edelstein95
223871,conf/sigmod/French95
212022,journals/sigmod/Qian95a
212018,journals/sigmod/YanG95
212019,journals/sigmod/RisheSBDOALOSS95
219039,journals/tods/ChenHM95
219042,journals/tods/FraternaliT95
212023,journals/sigmod/KimballS95
212024,journals/sigmod/Richey95
212013,journals/sigmod/Wong95
212007,journals/sigmod/Fong95
212008,journals/sigmod/Lee95
212016,journals/sigmod/GamacheS95
212014,journals/sigmod/KokkotosIPS95
211427,journals/tods/ShashaLSV95
211419,journals/tods/IoannidisR95
211416,journals/tods/Chen95a
210202,journals/tods/GraefeC95
212003,journals/sigmod/DoanPK95
212001,journals/sigmod/ONeilG95
211999,journals/sigmod/MaelbranckeO95
211994,journals/sigmod/AbiteboulH95
202671,journals/sigmod/Jarke95
202668,journals/sigmod/Chaudhri95
210200,journals/tods/Chomicki95
210198,journals/tods/BaekgaardM95
202673,journals/sigmod/MedskerCS95
202672,journals/sigmod/SchlageterBHMSW95
223796,conf/sigmod/Freeston95
223798,conf/sigmod/PapadiasTSE95
223801,conf/sigmod/ShatdalN95
223803,conf/sigmod/WilschutFA95
223807,conf/sigmod/HernandezS95
223809,conf/sigmod/RamaswamyK95
223811,conf/sigmod/ArefBV95
223812,conf/sigmod/FaloutsosL95
219777,journals/sigmod/Finkelstein95
223786,conf/sigmod/MoleskyR95
223787,conf/sigmod/AdyaGLM95
223788,conf/sigmod/BrodskyK95
223789,conf/sigmod/FegarasM95
223791,conf/sigmod/GardarinMP95
223794,conf/sigmod/RoussopoulosKV95
219758,journals/sigmod/Bohlen95
219754,journals/sigmod/SegevJS95
219760,journals/sigmod/EnglertGH95
219774,journals/sigmod/Stacey95
219772,journals/sigmod/Qian95b
219727,journals/sigmod/DunhamH95a
219056,journals/tods/SrivastavaSRN95
219735,journals/sigmod/ElmagarmidJF95
219730,journals/sigmod/NobleS95
219742,journals/sigmod/AlonsoCIM95
219737,journals/sigmod/WolfsonSDNR95
219746,journals/sigmod/BhargavaAP95
191936,conf/sigmod/Martin94
191935,conf/sigmod/Kulkarni94
191933,conf/sigmod/LaursenOP94
191932,conf/sigmod/GorelikWD94
191931,conf/sigmod/Dietterich94
191930,conf/sigmod/DanielsDDEHJJLSSS94
191929,conf/sigmod/Carey94
191928,conf/sigmod/DarR94
191947,conf/sigmod/Fernandez94
191945,conf/sigmod/Englert94
191944,conf/sigmod/Ballinger94
191942,conf/sigmod/Vaskevitch94
191941,conf/sigmod/Pirahesh94
191939,conf/sigmod/Ubell94
191938,conf/sigmod/Kim94
191937,conf/sigmod/Cattell94
191906,conf/sigmod/KemperMPS94
191908,conf/sigmod/Galindo-Legaria94
191904,conf/sigmod/Hellerstein94
191896,conf/sigmod/TomasicGS94
191898,conf/sigmod/ConsensM94
191891,conf/sigmod/KrollW94
191893,conf/sigmod/DewanSHH94
191926,conf/sigmod/SeshadriLR94
191927,conf/sigmod/SagonasSW94
191924,conf/sigmod/McIverK94
191925,conf/sigmod/FaloutsosRM94
191915,conf/sigmod/CareyDFHMNSSTTWZ94
191919,journals/vldb/WhiteD95
191911,conf/sigmod/CareyFZ94
191913,conf/sigmod/CookWZ94
197137,conf/sigmod/DogacAEOADAOS94
195675,journals/tods/WinslettSQ94
202110,journals/tods/Chen95
202107,journals/tods/AikenHW95
191991,conf/sigmod/Jagadish94
191990,conf/sigmod/Mohan94
195670,journals/tods/KrishnakumarB94
202665,journals/sigmod/NgH95
202664,journals/sigmod/Hanna95
202667,journals/sigmod/DarwenD95
202666,journals/sigmod/Jannink95
202661,journals/sigmod/Zhang95
202113,journals/tods/Jagadish95
202663,journals/sigmod/KarlapalemLS95
202662,journals/sigmod/DogacAOD95
191963,conf/sigmod/KuhnTS94
191967,conf/sigmod/TheodoulidisAACKS94
191949,conf/sigmod/SinghTW94
191951,conf/sigmod/FlokstraKS94
191955,conf/sigmod/BryanMCLG94
191983,conf/sigmod/BilirisP94
191986,conf/sigmod/HwangLYMMGCSS94
191988,conf/sigmod/BrinkhoffKSS94a
191989,conf/sigmod/Blakeley94
191970,conf/sigmod/SagonasSW94a
191976,conf/sigmod/CatarciS94
191979,conf/sigmod/HanFHCC94
187442,journals/sigmod/Datta94
185854,journals/tods/KorthS94
187449,journals/sigmod/SnodgrassAABCDEGJKKKLLRSSS94a
187447,journals/sigmod/YeungHL94
187462,journals/sigmod/Qian94
187460,journals/sigmod/Chen94
187458,journals/sigmod/RamirezSP94
187457,journals/sigmod/Widom94
190635,journals/sigmod/BohmR94
190633,journals/sigmod/ShinM94
190631,journals/sigmod/Bertram94
181555,journals/sigmod/DiazJPa94
181553,journals/sigmod/DreyerDS94
181554,journals/sigmod/Yang94
181562,journals/sigmod/SnodgrassAABCDEGJKKKLLRSSS94
181564,journals/sigmod/BunemanLSTW94
181557,journals/sigmod/PissinouSEMOPSTD94
181567,journals/sigmod/NorrieBSW94
181568,journals/sigmod/Gallagher94
181565,journals/sigmod/Loeffen94
181566,journals/sigmod/MedeirosP94
185836,journals/tods/PolyzoisG94
185843,journals/tods/ChrysanthisR94
181569,journals/sigmod/Winslett94
185828,journals/tods/CeriFPT94
191856,conf/sigmod/GibbsBT94
191852,conf/sigmod/BersonGMJ94
191863,conf/sigmod/WangCMSSZ94
191860,conf/sigmod/MumickP94
191870,conf/sigmod/IoannidisL94
191869,conf/sigmod/GravanoGT94
191874,conf/sigmod/ChenR94
191872,conf/sigmod/ColeG94
191879,conf/sigmod/HsiaoCY94
191877,conf/sigmod/SwamiS94
191881,conf/sigmod/LoR94
191880,conf/sigmod/BrinkhoffKSS94
191884,conf/sigmod/NybergBCGL94
191882,conf/sigmod/PangCL94
191889,conf/sigmod/VingralekBW94
191886,conf/sigmod/GraySEBW94
190638,journals/sigmod/JainH94
190639,journals/sigmod/KiyokiKH94
190642,journals/sigmod/AndersonS94
190644,journals/sigmod/GroskyFS94
190645,journals/sigmod/GlavitschSW94
190647,journals/sigmod/BarclayBGS94
190648,journals/sigmod/MattosD94
191844,journals/vldb/BarbaraI95
191845,conf/sigmod/HuangSW94
191846,conf/sigmod/ImielinskiVB94
191849,conf/sigmod/MohanN94
271093,journals/sigmod/GuptaHR97
271095,journals/sigmod/JajodiaBBKMSW97
271094,journals/sigmod/GrayG97
271083,journals/sigmod/NadoH97
271082,journals/sigmod/McHughW97
271084,journals/sigmod/NestorovAM97
262771,journals/sigmod/Konig-RiesL97
271080,journals/sigmod/AtzeniMM97
271078,journals/sigmod/AshishK97
262767,journals/sigmod/JukicV97
262770,journals/sigmod/McHughAGQW97
262769,journals/sigmod/RamamrithamS97
273270,journals/sigmod/Rosenthal98
273271,journals/sigmod/Bernstein98
273273,journals/sigmod/Han98
274461,journals/sigmod/BaaderJN97
273258,journals/sigmod/TsotrasJS98
273264,journals/sigmod/ChangASS98
273265,journals/sigmod/KoksalAD98
273267,journals/sigmod/Manola98
273253,journals/sigmod/Roussopoulos98
273254,journals/sigmod/BurtonM98
273255,journals/sigmod/GatziuKBF98
273257,journals/sigmod/KuokFW98
271096,journals/sigmod/DadamK97
273247,journals/sigmod/Chaudhri98
273249,journals/sigmod/MusickM98
273251,journals/sigmod/Seshadri98
276321,conf/sigmod/CluetDSS98
276320,conf/sigmod/KanthAS98
276319,conf/sigmod/SeidlK98
276318,conf/sigmod/BerchtoldBK98
276317,conf/sigmod/UrhanFA98
276316,conf/sigmod/JonssonFS98
276315,conf/sigmod/KabraD98
276314,conf/sigmod/AgrawalGGR98
276312,conf/sigmod/GuhaRS98
276311,conf/sigmod/CherniackZ98
276310,conf/sigmod/Fegaras98
276309,conf/sigmod/RaoR98
276308,conf/sigmod/ShintaniK98
276307,conf/sigmod/NgLHP98
276306,conf/sigmod/TsurUACMNR98
276336,conf/sigmod/ChanI98
276337,conf/sigmod/ChaudhuriN98
276334,conf/sigmod/GibbonsM98
276332,conf/sigmod/ChakrabartiDI98
276333,conf/sigmod/SubramanianV98
276330,conf/sigmod/Adelberg98
276331,conf/sigmod/NestorovAM98
276328,conf/sigmod/DeshpandeRSN98
276329,conf/sigmod/ZhaoDNS98
276326,conf/sigmod/HjaltasonS98
276327,conf/sigmod/KotidisR98
276324,conf/sigmod/GrumbachRS98
276325,conf/sigmod/PapadopoulosM98
276322,conf/sigmod/Miller98
276323,conf/sigmod/Cohen98
253304,conf/sigmod/GriffinH97
253302,conf/sigmod/CareyK97
253325,conf/sigmod/BrinMUT97
253322,conf/sigmod/Arpaci-DusseauACHP97
253330,conf/sigmod/HanKK97
253327,conf/sigmod/BrinMS97
253332,conf/sigmod/KornJF97
253283,conf/sigmod/CareyDNAGS97
253288,conf/sigmod/ZhaoDN97
253287,conf/sigmod/AdelbergGW97
253291,conf/sigmod/HellersteinHW97
253294,conf/sigmod/BohrerBBCFHKKMNRRSUUW97
253353,conf/sigmod/ColbyKLMR97
253355,conf/sigmod/AgrawalASY97
253357,conf/sigmod/LlirbatFS97
253359,conf/sigmod/MotakisZ97
253362,conf/sigmod/GeorgeH97
253364,conf/sigmod/JajodiaSSB97
253366,conf/sigmod/GuptaHR97
253338,conf/sigmod/MaheshwariL97
253340,conf/sigmod/KoudasS97
253342,conf/sigmod/PatelYKTNBHRLEKGDN97
253344,conf/sigmod/GebhardtJJ97
253345,conf/sigmod/BozkayaO97
253347,conf/sigmod/KatayamaS97
253349,conf/sigmod/ShivakumarG97
253352,conf/sigmod/QuassW97
253395,conf/sigmod/HammerGNYBV97
253393,conf/sigmod/AtzeniT97
253384,conf/sigmod/LiCHH97
253402,conf/sigmod/TomasicABKNR97
253401,conf/sigmod/BohrerBBCFHKKMNRRSUUW97a
253400,conf/sigmod/GeneserethKD97
253397,conf/sigmod/GingrasLSPS97
253373,conf/sigmod/ChaudhuriD97
253372,conf/sigmod/Kramer97
253368,conf/sigmod/Shasha97
253377,conf/sigmod/GoyalHKMSZ97
253376,conf/sigmod/CruzALRZ97
261126,journals/tods/EiterGM97
261131,journals/tods/LakshmananLRS97
253415,conf/sigmod/IoannidisLANT97
261125,journals/tods/FranklinCL97
262765,journals/sigmod/ClementLGMK97
262766,journals/sigmod/HadzilacosT97
262764,journals/sigmod/BarbaraS97
253405,conf/sigmod/LabioZWGGW97
253406,conf/sigmod/WangSCRZP97
253403,conf/sigmod/FernandezFKLS97
253404,conf/sigmod/HanKS97
253411,conf/sigmod/WodtkeWWDM97
253407,conf/sigmod/BerchtoldK97
253408,conf/sigmod/SeshadriP97
234897,journals/sigmod/BestavrosLS96
234898,journals/sigmod/BilirisP96
234900,journals/sigmod/Dogac96
234892,journals/sigmod/NormanZT96
234893,journals/sigmod/GerlhofKM96
234894,journals/sigmod/HasanFV96
234895,journals/sigmod/BrunieK96
236714,journals/tods/RaschidL96
244811,journals/tods/Keen97
244812,journals/tods/Galindo-LegariaR97
234901,journals/sigmod/Colliat96
234902,journals/sigmod/DAndreaJ96
234903,journals/sigmod/Qian96a
236712,journals/tods/Kuo96
245890,journals/sigmod/Ioannidis96
245893,journals/sigmod/Ahlberg96
245891,journals/sigmod/TaninBS96
245885,journals/sigmod/Date96
244813,journals/tods/PetersO97
245886,journals/sigmod/Darwen96
245903,journals/sigmod/ShethGJRSWW96
245901,journals/sigmod/CoxEH96
245906,journals/sigmod/Sidell96
245896,journals/sigmod/Keim96
245895,journals/sigmod/KennedyMB96
245900,journals/sigmod/HasanMV96
245898,journals/sigmod/SantucciT96
248607,journals/sigmod/KramerNKRLKLZ97
248608,journals/sigmod/RiekertMW97
248605,journals/sigmod/AbelTK97
248606,journals/sigmod/TomasicS97
245909,journals/sigmod/Qian96b
245907,journals/sigmod/Eisenberg96
248615,journals/sigmod/RamanathanH97
248616,journals/sigmod/ChaudhuriD97
248613,journals/sigmod/KaradimitriouT97
248614,journals/sigmod/Fong97
248609,journals/sigmod/FrewD97
248610,journals/sigmod/Gardels97
253264,conf/sigmod/RafieiM97
253263,conf/sigmod/BerchtoldBBKK97
249982,journals/tods/WolfsonJH97
249981,journals/tods/AmmannJR97
249980,journals/tods/CliffordDIJS97
249979,journals/tods/WangBBJ97
248618,journals/sigmod/Qian97
248617,journals/sigmod/DoanPSB97
253279,conf/sigmod/TsueiPK97
253277,conf/sigmod/MumickQM97
253276,conf/sigmod/RoussopoulosKR97
253274,conf/sigmod/HoAMS97
253272,conf/sigmod/KornackerMH97
253269,conf/sigmod/ZaharioudakisC97
253268,conf/sigmod/ONeilQ97
253266,conf/sigmod/ChawatheG97
223900,conf/sigmod/WangZS95
223902,conf/sigmod/DreyerDS95
223903,conf/sigmod/JonkerS95
227605,journals/tods/BaralisCP96
227609,journals/tods/BunemanO96
227612,journals/tods/MokNE96
227624,journals/tods/MumickFPR96
232622,journals/tods/LiuM96
232628,journals/tods/Ross96
232691,journals/tods/BellNNS96
232692,journals/tods/GuoSW96
232755,journals/tods/CiacciaTZ96
232796,journals/tods/DeyS96
232801,journals/tods/GhandeharizadehHJ96
233311,conf/sigmod/SrikantA96
233315,conf/sigmod/SelfridgeSW96
233313,conf/sigmod/FukudaMMT96
233318,conf/sigmod/GoelI96
233317,conf/sigmod/VanceM96
233323,conf/sigmod/ChaudhuriG96
233322,conf/sigmod/OzdenRSS96
233325,conf/sigmod/ZouS96
233324,conf/sigmod/ZhangRL96
233327,conf/sigmod/AdaliCPS96
233326,conf/sigmod/AchyutuniON96
233329,conf/sigmod/Blakeley96
233328,conf/sigmod/FranklinJK96
233331,conf/sigmod/MogiK96
233330,conf/sigmod/GrayHOS96
233334,conf/sigmod/RaoBG96
233335,conf/sigmod/LibkinMW96
233332,conf/sigmod/HillyerS96
233333,conf/sigmod/HarinarayanRU96
233338,conf/sigmod/PatelD96
233340,conf/sigmod/GangulyGMS96
233336,conf/sigmod/Agarwal96
233337,conf/sigmod/LoR96
233344,conf/sigmod/DohertyHR96
233341,conf/sigmod/KrishnanVI96
233342,conf/sigmod/PoosalaIHS96
233351,conf/sigmod/BrownCL96
233352,conf/sigmod/GarofalakisI96
233349,conf/sigmod/Tajima96
233358,conf/sigmod/ChristophidesCM96
233356,conf/sigmod/CherniackZ96
233355,conf/sigmod/McAuliffeCS96
233362,conf/sigmod/MorpainCFP96
233361,conf/sigmod/RossSS96
233360,conf/sigmod/SeshadriHPLRSSS96
233359,conf/sigmod/HellersteinN96
233366,conf/sigmod/ChawatheRGW96
233365,conf/sigmod/HullZ96
233364,conf/sigmod/ColbyGLMT96
234891,journals/sigmod/ZobelMR96
233371,conf/sigmod/NguyenS96
233369,conf/sigmod/GoyalHKMS96
872840,conf/sigmod/ZuzartePMCLW03
872838,conf/sigmod/CranorJSS03
872843,conf/sigmod/LakshmananPZ03a
872842,conf/sigmod/ShenNSHS03
872832,conf/sigmod/DeHaanTCO03
872837,conf/sigmod/GotoK03
872835,conf/sigmod/PadmanabhanBMCH03
872852,conf/sigmod/Amer-YahiaFSX03
872851,conf/sigmod/AgichteinG03
872855,conf/sigmod/AbadiCCCCEGHMRSSTXYZ03
872854,conf/sigmod/ArasuBBDIRW03
872845,conf/sigmod/OoiTZGLLLNSWZ03
872849,conf/sigmod/BornhovdAKMPR03
872848,conf/sigmod/LarsonG03
872861,conf/sigmod/ZhangDWEMPMDR03
872862,conf/sigmod/PaparizosACJLNPSWWY03
872863,conf/sigmod/BohannonDGKLNS03
872865,conf/sigmod/AgrawalK03
872856,conf/sigmod/DeshpandeNGS03a
872857,conf/sigmod/ChandrasekaranCDFHHKMRS03
872859,conf/sigmod/ChoALS03
872860,conf/sigmod/ZhouWGGZWXYF03
872871,conf/sigmod/KoudasS03
872873,conf/sigmod/GraySSU03
872875,conf/sigmod/JohnsonD03
872866,conf/sigmod/ZhuSZ03
872867,conf/sigmod/SengarH03
872868,conf/sigmod/KornMZ03
872869,conf/sigmod/GuptaLM03
872798,conf/sigmod/KementsietsidisAM03
872796,conf/sigmod/ChaudhuriGGM03
872795,conf/sigmod/FaginKS03
872793,conf/sigmod/MiloAABN03
872792,conf/sigmod/BenediktCFFR03
872790,conf/sigmod/GangulyGR03
872789,conf/sigmod/BabcockBDM03
872787,conf/sigmod/CohenM03
872809,conf/sigmod/GuptaS03
872807,conf/sigmod/Bierman03
872804,conf/sigmod/ReissK03
872803,conf/sigmod/IlyasRLGL03
872802,conf/sigmod/ChaudhuriGS03
872800,conf/sigmod/StoltePAG03
872818,conf/sigmod/DeshpandeNGS03
872815,conf/sigmod/CuiOTS03
872817,conf/sigmod/MaddenFHH03
872813,conf/sigmod/SunAA03
872814,conf/sigmod/PapadiasTFS03
872810,conf/sigmod/PengC03
872812,conf/sigmod/ZhangZPTL03
872829,conf/sigmod/KimC03
872831,conf/sigmod/ChaudhuriKN03
872826,conf/sigmod/Aggarwal03
872828,conf/sigmod/KriegelBKPS03
872823,conf/sigmod/ChengKP03
872825,conf/sigmod/OlstonJW03
872821,conf/sigmod/AbiteboulBCMM03
872822,conf/sigmod/BabcockCD03
776996,journals/sigmod/Nascimento03
777000,journals/sigmod/ChongFTSYKDJJ03
776999,journals/sigmod/Vianu03
777002,journals/sigmod/CampbellEM03
777004,journals/sigmod/AilamakiG03
777945,journals/tods/GunopulosKMSTS03
777944,journals/tods/TaoP03
872759,conf/sigmod/Ullman03
777946,journals/tods/LechtenborgerV03
872762,conf/sigmod/GuoSBS03
872761,conf/sigmod/Al-KhalifaYJ03
872765,conf/sigmod/DasGR03
872764,conf/sigmod/BabcockO03
872767,conf/sigmod/WitkowskiBBDFGSS03
872768,conf/sigmod/LakshmananPZ03
872770,conf/sigmod/SchleimerWA03
872771,conf/sigmod/AgrawalES03
872772,conf/sigmod/SionAP03
872774,conf/sigmod/WangPFY03
872775,conf/sigmod/MinPC03
872776,conf/sigmod/QunLO03
872777,conf/sigmod/WangJLY03
872778,conf/sigmod/Mamoulis03
872780,conf/sigmod/ZhuS03
872782,conf/sigmod/MelnikRB03
872783,conf/sigmod/KangN03
872784,conf/sigmod/HeC03
872786,conf/sigmod/DeligiannakisR03
767138,journals/vldb/SuHHHLWLPLL01
767136,journals/vldb/BonifatiCP01
767135,journals/vldb/EyalM01
767143,journals/vldb/PucheralBVB01
767142,journals/vldb/AbbadiSW01
767140,journals/vldb/DattaDVRN01
767139,journals/vldb/ShegalovGW01
767147,conf/vldb/ChakrabartiGRS00
767146,journals/vldb/PottingerH01
767145,journals/vldb/ChangG01
767151,journals/vldb/Halevy01
767150,journals/vldb/TurkerG01
767148,journals/vldb/Sarawagi01
775453,journals/vldb/Ozsu03
767154,journals/vldb/RahmB01
776986,journals/sigmod/GolabO03
776989,journals/sigmod/MukhopadhyayGS03
776990,journals/sigmod/dOnofrioP03
776987,journals/sigmod/JukicNV03
776988,journals/sigmod/GottlobKP03a
776994,journals/sigmod/Aberer02c
776991,journals/sigmod/FifeG03
776992,journals/sigmod/CaleroPR03
758372,conf/vldb/Objectivity98
776995,journals/sigmod/Hoffner03
776997,journals/sigmod/Stirling03
671691,conf/vldb/Blecken00
671348,conf/vldb/Blum99
671490,conf/vldb/Pound99
671162,conf/vldb/Mina98
671174,conf/vldb/Pogue98
959086,journals/sigmod/KambhampatiK03
959087,journals/sigmod/Hainaut03
959084,journals/sigmod/Giorgini03
959085,journals/sigmod/MotroA03
756664,conf/vldb/Dasgupta96
673647,conf/vldb/Jacobs97
673473,conf/vldb/Hammond96
673335,conf/vldb/Moni96
673327,conf/vldb/Hess96
673322,conf/vldb/Atal96
673310,conf/vldb/Vaskevitch95
673162,conf/vldb/Spintzik95
672359,conf/vldb/Sondag01
672214,conf/vldb/Duranti01
672196,conf/vldb/Novaretti01
672184,conf/vldb/Gentili01
672038,conf/vldb/Sol01
672037,conf/vldb/Huyn01
672031,conf/vldb/Draluk01
671856,conf/vldb/Ladin00
958944,journals/tods/LakshmananLN03
958945,journals/tods/ChoG03
958946,journals/tods/Chomicki03
958947,journals/tods/DiaoAFZF03
958948,journals/tods/HjaltasonS03
959061,journals/sigmod/Date03
672820,conf/vldb/MuntzR94
672378,conf/vldb/MaedaT01
959064,journals/sigmod/Kumar03
672818,conf/vldb/HjelsvoldM94
950494,journals/vldb/YangW03
672376,conf/vldb/TanSHCR01
953239,journals/vldb/AtluriJY03
672377,conf/vldb/LahiriSCMC01
672374,conf/vldb/AnSVKIG01
953241,journals/vldb/DoanMDDH03
672375,conf/vldb/ChaHKK01
953242,journals/vldb/HalkidiNVV03
672372,conf/vldb/MarronL01
953243,journals/vldb/MedjahedBE03
672373,conf/vldb/ChienTZ01
953244,journals/vldb/FiletoLPAM03
672370,conf/vldb/MeccaCM01
958943,journals/tods/TaoSP03
672371,conf/vldb/SeegerBBKSDS01
959074,journals/sigmod/PalpanasPKG03
672840,conf/vldb/MedianoCD94
959073,journals/sigmod/GerlaX03
672839,conf/vldb/LevyMS94
959078,journals/sigmod/Aberer01a
672838,conf/vldb/SetzerZ94
672837,conf/vldb/GaasterlandL94
959080,journals/sigmod/GalianoM03
672836,conf/vldb/AgrawalS94
959079,journals/sigmod/WangD03
672835,conf/vldb/HasanM94
959083,journals/sigmod/LenzVJS03
672834,conf/vldb/ChaudhuriS94
959081,journals/sigmod/Wiegand03
672833,conf/vldb/GoodmanRS94
959066,journals/sigmod/Mani03
672832,conf/vldb/LuOT94
959065,journals/sigmod/HellersteinHM03
672831,conf/vldb/TeisseirePC94
959068,journals/sigmod/ChengP03
672830,conf/vldb/Lesk94
959067,journals/sigmod/BonnetBDL03
672829,conf/vldb/SistlaYH94
959070,journals/sigmod/DemersGRTY03
672828,conf/vldb/NgY94
959069,journals/sigmod/AilamakiFFSV03
672827,conf/vldb/NgH94
672826,conf/vldb/LiC94
959071,journals/sigmod/KannanKIK03
672825,conf/vldb/Chiueh94
945729,journals/sigmod/AbererCDDHPS03
672973,conf/vldb/RosenthalS94
945730,journals/sigmod/Hellerstein03
672974,conf/vldb/DeWittKLPY94
945727,journals/sigmod/Aberer03c
672975,conf/vldb/Galindo-LegariaPK94
945728,journals/sigmod/BawaCCDGGKMSSVY03
672976,conf/vldb/GutierrezPST94
945733,journals/sigmod/ArenasKKKMM03
672969,conf/vldb/BarjaPFWD94
945734,journals/sigmod/OoiST03
672970,conf/vldb/IyerW94
945731,journals/sigmod/NejdlSS03
672971,conf/vldb/GehaniJR94
945732,journals/sigmod/TatarinovIMHSDDKMM03
672972,conf/vldb/LevySSZ94
937600,journals/tods/JacoxS03
672965,conf/vldb/PoulovassilisS94
937601,journals/tods/Jimenez-PerisPAK03
672966,conf/vldb/AnandBH94
872878,conf/sigmod/JagatheesanR03
672967,conf/vldb/IdrisGC94
937599,journals/tods/WijesekeraJPH03
672968,conf/vldb/CochinwalaB94
945724,journals/sigmod/Halevy03
672841,conf/vldb/BrinkhoffK94
945725,journals/sigmod/AilamakiH03
672842,conf/vldb/LitwinNS94
945722,journals/sigmod/NascimentoSP03
672963,conf/vldb/XieH94
672964,conf/vldb/YanA94
950488,conf/vldb/ChakrabartiRS02
672990,conf/vldb/TsatalosSI94
950487,journals/vldb/AgrawalHK03
672989,conf/vldb/OuzzaniAB94
950486,journals/vldb/ChandrasekaranF03
672992,conf/vldb/BernsteinD94
950485,journals/vldb/AbadiCCCCLSTZ03
672991,conf/vldb/FerrandinaMZ94
950493,journals/vldb/HelmerM03
672986,conf/vldb/MatthesS94
950492,journals/vldb/ChuaCL03
672985,conf/vldb/BrownCC94
950491,journals/vldb/Li03
672988,conf/vldb/FrohnLU94
950490,journals/vldb/FungKL03
672987,conf/vldb/MohaniaS94
945739,journals/sigmod/MalaikaEM03
672982,conf/vldb/AmielBDS94
945737,journals/sigmod/PitouraAPSV03
672981,conf/vldb/KilgerM94
945736,journals/sigmod/KoubarakisTID03
672984,conf/vldb/OzdenBRS94
945735,journals/sigmod/Ouksel03
672983,conf/vldb/SripadaW94
672978,conf/vldb/JonscherD94
950483,conf/vldb/RamamurthyDS02
672977,conf/vldb/KemperK94
950482,journals/vldb/BernsteinIR03
672980,conf/vldb/Guting94
945741,journals/sigmod/Anisimov03
672979,conf/vldb/WienerN94
